question_id,question_text,answer_summary,chunk_id,chunk_text
D1,What is the purpose and origin of the data?,"The German Credit dataset was originally created by a regional bank in southern Germany—most likely Hypo Bank—to support early research on automated credit‑decision systems. It was first used by Walter Häußler in the late 1970s for his PhD thesis and later disseminated by Hans Hofmann, who provided it to the European Statlog project before it was donated to the UCI Machine Learning Repository in 1994. The data was collected by Hypo Bank clerks from routine loan applications between 1973 and 1975, combining observable bank records (such as credit history) with applicant‑reported information (such as loan purpose). Although the exact procedures are unknown, the dataset reflects both operational banking data and self‑reported attributes. Applicants likely consented implicitly through the loan application process, though notification practices for credit‑history variables are unclear. The dataset’s purpose was to study creditworthiness and support the development of automated credit‑scoring models.",0,"220
Fabris, Messina, Silvello, Susto
Appendix D
German Credit
Key references include H¨außler (1979); UCI Machine Learning Repository (1994); Gr¨omping
(2019); UCI Machine Learning Repository (2019).
D.1
Datasheet
D.1.1
Motivation
– For what purpose was the dataset created?
This dataset was created to study the problem of automated credit decisions at a regional
Bank in southern Germany.
– Who created the dataset and on behalf of which entity?
The dataset was created at a regional Bank of southern Germany ("
,,,1,"The dataset was created at a regional Bank of southern Germany (most likely Hypo
Bank) and ﬁrst used by Walter H¨außler in the late 1970s as part of his PhD thesis.
Hans Hofmann, aﬃliated with Universit¨at Hamburg at the time, is credited as dataset
source (UCI Machine Learning Repository, 1994). Presumably, he donated the dataset
to the European Statlog project and a representative of Strathclyde University donated
it to UCI (Gr¨omping, 2019).
– Who funded the creation of the dataset?
The ﬁrst known work u"
,,,2,"
– Who funded the creation of the dataset?
The ﬁrst known work using the dataset describes it as originating from a regional Bank
of southern Germany (H¨außler, 1979). Given the aﬃliation of the author is Hypo Bank,
which ﬁt the description at the time, we assume the dataset was collected, curated and
funded at Hypo Bank.
D.1.2
Composition
– What do the instances that comprise the dataset represent?
Instances represent Hypo bank loan recipients from 1973–1975.
– How many instances are there in total?
The da"
,,,17,"tance, the dataset encodes sex, marital status and ﬁnancial situation.
D.1.3
Collection process
– How was the data associated with each instance acquired?
The data was collected by Hypo bank clerks. Some variables were observable (e.g. credit
history with the bank), other variables were reported by subjects (e.g. loan purpose).
– What mechanisms or procedures were used to collect the data?
Unknown.
– If the dataset is a sample from a larger set, what was the sampling strategy?
The so-called “bad credits” ar"
,,,20,"ikely both. Some variables were necessarily collected from loan applicants (e.g. loan
purpose), while other variables were likely available from bank records (e.g. credit history
with the bank).
– Were the individuals in question notiﬁed about the data collection?
Individuals provided some of this data as part of a loan application. Collection and
notiﬁcation practices for variables like credit history are unclear.
– Did the individuals in question consent to the collection and use of their
data?
Likely yes"
D2,What is the context in which the data was created?,"The German Credit dataset was created from loan applications processed between 1973 and 1975 at a regional bank in southern Germany, most likely Hypo Bank. It reflects the banking practices, credit evaluation procedures, and socio‑economic conditions of that period. The data was collected by bank clerks using a mix of applicant reported information and bank recorded credit histories, following manual procedures typical of the 1970s. Applicants likely provided implicit consent through the loan application process, though notification practices for credit history variables are unclear. The dataset was first used academically in Walter Häußler’s 1979 PhD thesis, later passed through the European Statlog project, and ultimately released publicly via the UCI Machine Learning Repository in 1994. Overall, the dataset represents a localized snapshot of early automated credit scoring efforts in southern Germany during the mid‑1970s.",0,"220
Fabris, Messina, Silvello, Susto
Appendix D
German Credit
Key references include H¨außler (1979); UCI Machine Learning Repository (1994); Gr¨omping
(2019); UCI Machine Learning Repository (2019).
D.1
Datasheet
D.1.1
Motivation
– For what purpose was the dataset created?
This dataset was created to study the problem of automated credit decisions at a regional
Bank in southern Germany.
– Who created the dataset and on behalf of which entity?
The dataset was created at a regional Bank of southern Germany ("
,,,1,"The dataset was created at a regional Bank of southern Germany (most likely Hypo
Bank) and ﬁrst used by Walter H¨außler in the late 1970s as part of his PhD thesis.
Hans Hofmann, aﬃliated with Universit¨at Hamburg at the time, is credited as dataset
source (UCI Machine Learning Repository, 1994). Presumably, he donated the dataset
to the European Statlog project and a representative of Strathclyde University donated
it to UCI (Gr¨omping, 2019).
– Who funded the creation of the dataset?
The ﬁrst known work u"
,,,19," sample selection.
– Over what timeframe was the data collected?
The dataset covers loans granted in the period 1973–1975. Its ﬁrst publicly-known use
dates back to 1979 (H¨außler, 1979). It became publicly available in November 1994 (UCI
Machine Learning Repository, 1994).
– Were any ethical review processes conducted?
Unknown.
– Was the data collected from the individuals in question directly, or obtained
via third parties or other sources?
Likely both. Some variables were necessarily collected from loan "
,,,20,"ikely both. Some variables were necessarily collected from loan applicants (e.g. loan
purpose), while other variables were likely available from bank records (e.g. credit history
with the bank).
– Were the individuals in question notiﬁed about the data collection?
Individuals provided some of this data as part of a loan application. Collection and
notiﬁcation practices for variables like credit history are unclear.
– Did the individuals in question consent to the collection and use of their
data?
Likely yes"
D3,What data-preparation processing operations took place?,"The German Credit dataset underwent several data preparation operations before release. It is a convenience sample of 1,000 approved loan recipients from 1973-1975, with bad credit cases oversampled to 30%. Preprocessing included bucketing of checking and savings account balances and employment duration, and joint encoding of sex and marital status. Some instances were discarded during cleaning, though the criteria are not specified. Each record was assigned a binary label indicating compliance with the credit contract, derived from bank repayment records. The dataset aggregates both applicant reported information and bank recorded financial data, but no additional enrichment beyond these internal sources is described.",3," from 1973–1975.
– How many instances are there in total?
The dataset consists of 1,000 instances.
– Does the dataset contain all possible instances or is it a sample of instances
from a larger set?
In principle this is a convenience sample, consisting of people who were deemed
creditworthy by a bank clerk. A representative sample stemming from indiscriminate
credit grants would not have been viable (H¨außler, 1979). However, if the envisioned
application was post-screening credit decisions, the inﬂuence of"
,,,4,"application was post-screening credit decisions, the inﬂuence of this selection bias would
be reduced. Finally loan recipients associated with delayed payment or loan default
(“bad credit”) are oversampled (30%).
– What data does each instance consist of?
For each instance, 13 categorical and 7 quantitative variables are provided, summariz-
ing their ﬁnancial situation, credit history, and personal situation, including housing,
number of liable people, and a mixed variable encoding marital status and sex. A"
,,,22,"use on data
subjects been conducted?
Unknown.
D.1.4
Preprocessing/cleaning/labelling
– Was any preprocessing/cleaning/labeling of the data done?
Yes. Some instances were discarded. Remaining instances were associated with a bi-
nary label according to compliance with the contract. Bucketing took place on several
variables, including balance on checking and savings account (A1, A6) and duration of
current employment (A7). Sex and marital status were jointly coded (A9)."
,,,23,were jointly coded (A9).
D4,What does the data measure and represent?,"The South German Credit dataset represents 1,000 loan recipients from a bank in southern Germany between 1973 and 1975, describing their financial, personal, and socio-economic characteristics through 13 categorical and 7 numerical variables. Each instance includes information such as checking account balance, credit history, loan purpose, number of dependents, housing, employment, and a joint marital status/sex variable. The dataset’s target is a binary credit‑risk label indicating whether the borrower repaid all installments punctually (good credit) or showed delayed payments or default (bad credit). Bad credit cases are oversampled to 30%, and only approved borrowers are included, meaning the dataset reflects post‑screening credit decisions rather than the full applicant pool. With no missing cells and standardized categorical encodings, the dataset is a clean benchmark designed to represent creditworthiness in the context of 1970s German banking practices.",4,"application was post-screening credit decisions, the inﬂuence of this selection bias would
be reduced. Finally loan recipients associated with delayed payment or loan default
(“bad credit”) are oversampled (30%).
– What data does each instance consist of?
For each instance, 13 categorical and 7 quantitative variables are provided, summariz-
ing their ﬁnancial situation, credit history, and personal situation, including housing,
number of liable people, and a mixed variable encoding marital status and sex. A"
,,,5," people, and a mixed variable encoding marital status and sex. A more
through description is deferred to Tables 27-29.
– Is there a label or target associated with each instance?
Yes. A binary label encodes whether loan recipients punctually payed each installment
(“good credit”) or not (“bad credit”). The latter label includes a range of situations
from delayed payment up to loan default.
– Is any information missing from individual instances?
No. No cell is missing, however the variable “property” has a l"
,,,38,"| METADATA |
| --- |
| Filenames SouthGermanCredit Format .asc Url https://archive.ics.uci.edu/ml/datasets/South+German+Credit Domain Economics Keywords creditscoring,Germany,loan,classification Type Tabular Rows 1000 Columns 21 % missing cells 0% Rows with missing cells 0% License UCIRepositorycitationpolicy Released November2019 Range 1973-1975 Description Thisdatasetencodessocio-economicalfeaturesofloanrecipients fromabankinsouthernGermany,alongwithbinaryvariable encodingwhethertheypunctuallypayedeveryinstallment,whichis hetargetofaclassificationtask. |

| PROVENANCE |
| --- |
| Source Name WalterHa¨ußler Url https://archive.ics.uci.edu/ml/datasets/ Statlog+%28German+Credit+Data%29 email // Authors Names UlrikeGr¨omping Url https://archive.ics.uci.edu/ml/datasets/South+German+Credit email groemping@bht-berlin.de |"
,,,39,"226
Fabris, Messina, Silvello, Susto
VARIABLES
status
Checking account balance (in Deutsche
Mark)
1 (no checking account)
2 (< 0 DM)
3 (0 ≤... < 200 DM)
4 (≥200 DM)
duration
Credit duration (in months)
credit history
Applicant’s credit history
0 (delay in past payments)
1 (critical account/other credits elsewhere)
2 (no credits taken/all credits paid back duly)
3 (existing credits paid back duly till now)
4 (all credits at this bank paid back duly)
purpose
Purpose of loan
0 (other)
1 (new car)
2 (used car)
"
,,,47,"oyee / oﬃcial)
4 (manager / self-empl. / highly qualif.
employee)
people liable
Number of people who ﬁnancially depend on
the applicant
1 (3 or more)
2 (0 to 2)
telephone
Presence of telephone landline registered
under applicant’s name (2) or not (1)
foreign worker
Foreign worker (1) or not (2)
credit risk
Punctually payed back every installment (1)
or not (2)
Table 29: Variables of South German Credit dataset (3/3)."
D5,Which data biases might lead to discrimination or impact fundamental rights?,"The South German Credit dataset contains several data‑side biases that may lead to discrimination or impact fundamental rights. Sensitive attributes such as age, foreign worker status, and a joint sex marital status variable are present, but sex cannot be recovered due to incorrect encoding. The marginal distribution of protected attributes is skewed, with most borrowers aged 20-39 and misleading documentation about foreign worker prevalence. The joint distribution of protected attributes and the credit risk label likely reflects structural socio economic inequalities, but sex based fairness analysis is impossible. Labels are derived from bank repayment records and therefore encode historical lending practices. No fairness oriented mitigation was applied, and the dataset preserves encoding errors, demographic distortions, and oversampling of bad credit cases. These issues collectively create risks of discrimination and limit the dataset’s suitability for fairness critical research.",8,"1994). This is not necessarily an issue if one is
purely interested in the evaluation of a method. For example, according to the oﬃcial
documentation, a majority of loan recipients are foreign workers, while in reality this
should appear rather strange and indeed is not true (Gr¨omping, 2019). Computationally,
this will make no diﬀerence, as the input to a machine learning method will remain the
same. However if one is interested to the context surrounding the data, as should be
the case with fairness resea"
,,,9," surrounding the data, as should be
the case with fairness research, the wrong encoding poses several problems. The most
signiﬁcant problem is the impression that one can retrieve people’s sex from the joint
sex-marital-status encoding, which is simply false as a single level corresponds to both
single males and divorced/separated/married females (Gr¨omping, 2019). Despite this
information being available since 2019, the fairness community does not seem to have
taken notice. Several experiments of algorithm"
,,,12,"erwise cause anxiety?
No.
– Does the dataset identify any subpopulations?
Yes. The dataset identiﬁes subpopulation by age and sex. Sex is jointly encoded with
marital status and cannot be retrieved, contrary to documentation accompanying the
dataset (UCI Machine Learning Repository, 1994). A summary based on amended doc-
umentation (Gr¨omping, 2019) is presented in Table 24.
Demographic Caracteristic
Values
Percentage of people under-19 years old
0.20%
Percentage of people between 20-29 years old
36.70%
Per"
,,,13,"ld
0.20%
Percentage of people between 20-29 years old
36.70%
Percentage of people between 30-39 years old
33.20%
Percentage of people between 40-49 years old
17.60%
Percentage of people between 50-59 years old
7.20%
Percentage of people between 60-69 years old
4.40%
Percentage of people over-70 years old
0.70%
Percentage of people who are male : divorced/separated
5.00%
Percentage of people who are female : non-single or male : single
31.00%
Percentage of people who are male : married/widowed
54.80%
Percent"
,,,51,"000
3
1 (none)
2 (co-appliant)
0
property
string
1000
4
3 (building soc. savings)
4 (real estate)
0
other plans
string
1000
3
3 (none)
2 (stores)
0
housing
string
1000
3
2 (rent)
3 (own)
0
job
string
1000
4
3 (skilled empl/oﬃc)
1 (unempl/unsk non-res)
0
telephone
string
1000
2
1 (no)
2 (yes)
0
foreign worker
string
1000
2
2 (no)
1 (yes)
0
credit risk
string
1000
2
1 (good)
0 (bad)
0
Table 31: Categorical variables statistics of South German Credit dataset
Quantitative
name
type
count
min
median
max
mean
std"
D6,What data gaps and shortcomings are there in the data?,"The South German Credit dataset contains several data gaps and inaccuracies that affect its suitability for fairness critical research. The most severe issues include incorrect documentation claiming that most borrowers are foreign workers, and the joint sex–marital‑status encoding that makes sex impossible to recover despite documentation suggesting otherwise. Additional documentation errors affect eight variables, leading to misinterpretation. Hidden missingness occurs because the variables property and savings merge no and unknown into single categories. Although the dataset reports 0% missing cells, this masks structural gaps. No relationships between instances are provided, preventing household level or co-applicant analysis. Overall, the dataset contains several moderate to severe shortcomings that can mislead fairness evaluations and distort demographic interpretation.",6,"
No. No cell is missing, however the variable “property” has a level jointly encoding the
conditions “no property” and “unknown”. A similar joint encoding exists for “savings”,
so some values may actually be deemed missing for these variables.
– Are relationships between individual instances made explicit?
No. There are no known relationships between instances."
,,,8,"1994). This is not necessarily an issue if one is
purely interested in the evaluation of a method. For example, according to the oﬃcial
documentation, a majority of loan recipients are foreign workers, while in reality this
should appear rather strange and indeed is not true (Gr¨omping, 2019). Computationally,
this will make no diﬀerence, as the input to a machine learning method will remain the
same. However if one is interested to the context surrounding the data, as should be
the case with fairness resea"
,,,9," surrounding the data, as should be
the case with fairness research, the wrong encoding poses several problems. The most
signiﬁcant problem is the impression that one can retrieve people’s sex from the joint
sex-marital-status encoding, which is simply false as a single level corresponds to both
single males and divorced/separated/married females (Gr¨omping, 2019). Despite this
information being available since 2019, the fairness community does not seem to have
taken notice. Several experiments of algorithm"
,,,10," not seem to have
taken notice. Several experiments of algorithmic fairness on this dataset consider the
protected attribute “sex” (sometimes even called “gender”). These experiments are part
of work recently published in the most reputable venues for fairness research (Appendix
A.73). More mistakes in the documentation of eight variables and the relative errata are
outlined in Gr¨omping (2019). A clean version of the dataset is available at UCI Machine
Learning Repository (2019).
– Is the dataset self-cont"
